Index	Variant	Variant_Type	Gold_Std_VF	Mean	2.5_SD-	2.5_SD+
1	chr1:36932503:C>T	SNP	0.05	0.046	0.026	0.067
2	chr10:112361956:T>G	SNP	0.05	0.046	0.029	0.063
3	chr10:27389395:G>C	SNP	0.05	0.045	0.017	0.074
4	chr10:89624283:T>G	SNP	0.05	0.016	0.005	0.027
5	chr11:118355049:A>G	SNP	0.05	0.051	0.019	0.083
6	chr11:118355642:A>C	SNP	0.05	0.043	0.022	0.063
7	chr11:118368665:A>G	SNP	0.05	0.049	0.034	0.063
8	chr11:118375568:T>A	SNP	0.05	0.049	0.024	0.074
9	chr11:118376208:G>A	SNP	0.05	0.051	0.032	0.07
10	chr11:118377003:A>G	SNP	0.05	0.051	0.028	0.075
11	chr11:119145667:A>G	SNP	0.05	0.054	0.036	0.072
12	chr11:32449624:C>A	SNP	0.05	0.048	0	0.096
13	chr11:534197:C>T	SNP	0.05	0.047	0.032	0.061
14	chr12:112891203:G>C	SNP	0.05	0.051	0.025	0.077
15	chr12:11992168:G>A	SNP	0.05	0.049	0.027	0.07
16	chr12:12022652:C>T	SNP	0.05	0.051	0.041	0.061
17	chr13:28608283:G>A	SNP	0.05	0.047	0.035	0.059
18	chr13:28608331:C>A	SNP	0.05	0.053	0.034	0.073
19	chr13:28608473:C>T	SNP	0.05	0.049	0.023	0.074
20	chr13:28609651:C>G	SNP	0.05	0.052	0.036	0.068
21	chr17:29553473:C>T	SNP	0.05	0.039	0.028	0.05
22	chr17:29556177:G>A	SNP	0.05	0.05	0.034	0.065
23	chr17:29663502:T>C	SNP	0.05	0.053	0.033	0.073
24	chr17:29663898:C>T	SNP	0.05	0.052	0.037	0.066
25	chr17:74733168:G>A	SNP	0.05	0.052	0.035	0.07
26	chr17:7576546:G>A	SNP	0.05	0.051	0.035	0.068
27	chr17:7578456:G>A	SNP	0.05	0.05	0.033	0.066
28	chr19:17954597:C>G	SNP	0.05	0.041	0.021	0.062
29	chr19:33792280:C>T	SNP	0.05	0.05	0.039	0.061
30	chr19:33792565:C>A	SNP	0.05	0.054	0.035	0.073
31	chr19:33792628:G>C	SNP	0.05	0.055	0.036	0.074
32	chr19:33792748:G>A	SNP	0.05	0.051	0.038	0.063
33	chr19:45297479:C>T	SNP	0.05	0.038	0.023	0.053
34	chr19:56172573:C>T	SNP	0.05	0.049	0.035	0.064
35	chr19:56179919:C>T	SNP	0.05	0.054	0.038	0.071
36	chr19:56181031:C>T	SNP	0.05	0.05	0.034	0.067
37	chr2:136873084:G>A	SNP	0.05	0.051	0.039	0.064
38	chr2:25469628:C>T	SNP	0.05	0.052	0.032	0.072
39	chr20:31017720:C>T	SNP	0.05	0.053	0.035	0.072
40	chr20:31022413:A>G	SNP	0.05	0.049	0.037	0.061
41	chr20:31022765:C>T	SNP	0.05	0.051	0.036	0.067
42	chr20:31023500:C>T	SNP	0.05	0.05	0.032	0.068
43	chr20:31023544:C>T	SNP	0.05	0.052	0.03	0.074
44	chr21:36171638:G>A	SNP	0.05	0.047	0.029	0.066
45	chr21:36259324:A>G	SNP	0.05	0.05	0.036	0.064
46	chr21:36259347:G>A	SNP	0.05	0.056	0.04	0.072
47	chr3:128204877:C>G	SNP	0.05	0.049	0.032	0.066
48	chr4:106155136:A>C	SNP	0.05	0.05	0.036	0.063
49	chr4:106155185:C>G	SNP	0.05	0.051	0.039	0.063
50	chr4:106156983:G>A	SNP	0.05	0.051	0.027	0.075
51	chr4:106157528:A>G	SNP	0.05	0.049	0.033	0.065
52	chr4:106158189:G>A	SNP	0.05	0.045	0.03	0.061
53	chr4:106158545:A>C	SNP	0.05	0.049	0.032	0.065
54	chr4:106196829:T>G	SNP	0.05	0.055	0.039	0.07
55	chr4:106197116:C>A	SNP	0.05	0.052	0.029	0.074
56	chr4:55144046:A>G	SNP	0.05	0.051	0.024	0.077
57	chr4:55561862:G>T	SNP	0.05	0.05	0.038	0.061
58	chr4:55593464:A>C	SNP	0.05	0.055	0.036	0.075
59	chr4:55593481:A>G	SNP	0.05	0.054	0.037	0.071
60	chr4:55594008:A>T	SNP	0.05	0.049	0.035	0.063
61	chr7:101559469:C>T	SNP	0.05	0.053	0.032	0.074
62	chr7:101813775:C>T	SNP	0.05	0.052	0.035	0.068
63	chr7:101813779:G>A	SNP	0.05	0.049	0.034	0.065
64	chr7:101837189:T>C	SNP	0.05	0.053	0.029	0.077
65	chr7:101843442:G>A	SNP	0.05	0.052	0.03	0.075
66	chr7:101921289:A>G	SNP	0.05	0.053	0.042	0.064
67	chr7:139090515:A>G	SNP	0.05	0.046	0.026	0.066
68	chr7:140481425:T>C	SNP	0.05	0.052	0.029	0.076
69	chr7:140481511:A>C	SNP	0.05	0.053	0.033	0.074
70	chr7:148504818:A>G	SNP	0.05	0.05	0.028	0.072
71	chr7:148525904:C>G	SNP	0.05	0.056	0.023	0.089
72	chr7:50435903:C>A	SNP	0.05	0.043	0.032	0.053
73	chr9:133738320:G>A	SNP	0.05	0.053	0.03	0.075
74	chr9:133755528:A>G	SNP	0.05	0.051	0.034	0.068
75	chr9:133756050:C>T	SNP	0.05	0.053	0.031	0.076
76	chr9:139390801:G>A	SNP	0.05	0.051	0.039	0.063
77	chr9:139391621:C>G	SNP	0.05	0.051	0.023	0.079
78	chr9:139391737:C>G	SNP	0.05	0.048	0.03	0.067
79	chr9:21968712:C>A	SNP	0.05	0.054	0.035	0.072
80	chr9:21970916:C>T	SNP	0.05	0.05	0.036	0.064
81	chr9:21971184:T>G	SNP	0.05	0.051	0.036	0.066
82	chr9:21974461:T>C	SNP	0.05	0.056	0.031	0.08
83	chr9:21974524:A>T	SNP	0.05	0.053	0.032	0.074
84	chr9:5089688:T>C	SNP	0.05	0.051	0.036	0.066
85	chrX:129148447:C>T	SNP	0.05	0.062	0.041	0.082
86	chrX:129149380:A>G	SNP	0.05	0.074	0.05	0.098
87	chrX:39932400:C>T	SNP	0.05	0.068	0.045	0.092
88	chr7:101926087:G>T	INDEL	0.05	0.041	0.02	0.061
89	chrX:133512020:AAATGT>A	INDEL	0.05	0.059	0.036	0.082
90	chr12:112888239:C>T	SNP	0.1	0.104	0.077	0.131
91	chr12:112890996:T>C	SNP	0.1	0.052	0.033	0.071
92	chr17:29683994:C>T	SNP	0.1	0.099	0.073	0.124
93	chr17:7576841:A>G	SNP	0.1	0.099	0.077	0.122
94	chr17:7579548:G>A	SNP	0.1	0.102	0.082	0.122
95	chr17:7579579:C>T	SNP	0.1	0.091	0.07	0.112
96	chr3:128200806:G>A	SNP	0.1	0.097	0.074	0.12
97	chr3:128204951:C>T	SNP	0.1	0.105	0.079	0.131
98	chr4:71888240:C>T	SNP	0.1	0.095	0.075	0.114
99	chr5:176939146:G>A	SNP	0.1	0.1	0.075	0.126
100	chr5:176943904:C>G	SNP	0.1	0.1	0.085	0.114
101	chr7:50467767:C>A	SNP	0.1	0.103	0.079	0.127
102	chr9:139390902:C>G	SNP	0.1	0.101	0.076	0.125
103	chr9:139399517:G>A	SNP	0.1	0.102	0.079	0.124
104	chr9:5077517:T>C	SNP	0.1	0.099	0.078	0.119
105	chrX:123184027:C>T	SNP	0.1	0.068	0.045	0.09
106	chrX:123197893:C>T	SNP	0.1	0.067	0.052	0.082
107	chrX:123199782:C>T	SNP	0.1	0.069	0.043	0.096
108	chrX:129149937:C>T	SNP	0.1	0.128	0.099	0.157
109	chrX:15827449:A>T	SNP	0.1	0.07	0.052	0.088
110	chrX:44913057:T>A	SNP	0.1	0.071	0.052	0.09
111	chr19:17954569:TG>T	INDEL	0.1	0.104	0.083	0.126
112	chr2:198264903:AAAT>A	INDEL	0.1	0.099	0.08	0.118
113	chr9:139397791:ACAAT>A	INDEL	0.1	0.103	0.081	0.125
114	chr11:118373861:C>T	SNP	0.15	0.143	0.117	0.169
115	chr11:119170362:C>T	SNP	0.15	0.145	0.106	0.183
116	chr11:32417945:T>C	SNP	0.15	0.152	0.116	0.189
117	chr11:32421533:T>C	SNP	0.15	0.146	0.126	0.166
118	chr12:12043863:C>T	SNP	0.15	0.143	0.109	0.177
119	chr13:28608459:T>C	SNP	0.15	0.15	0.118	0.183
120	chr19:45297456:C>G	SNP	0.15	0.16	0.135	0.184
121	chr21:36164486:G>C	SNP	0.15	0.096	0.075	0.116
122	chr21:44514601:C>T	SNP	0.15	0.146	0.114	0.178
123	chr4:106196951:A>G	SNP	0.15	0.162	0.131	0.194
124	chr4:106197000:A>G	SNP	0.15	0.15	0.115	0.185
125	chr5:176939227:G>C	SNP	0.15	0.148	0.129	0.167
126	chr7:101755060:A>G	SNP	0.15	0.147	0.093	0.201
127	chr7:101837149:G>A	SNP	0.15	0.157	0.128	0.185
128	chr7:101844851:A>G	SNP	0.15	0.156	0.098	0.215
129	chr7:50435777:T>G	SNP	0.15	0.136	0.108	0.164
130	chr7:50450420:T>C	SNP	0.15	0.148	0.123	0.172
131	chr8:128751201:G>A	SNP	0.15	0.153	0.129	0.178
132	chrX:44929077:C>A	SNP	0.15	0.136	0.104	0.167
133	chrX:44938563:G>A	SNP	0.15	0.129	0.1	0.158
134	chr1:36937065:A>G	SNP	0.2	0.209	0.179	0.239
135	chr10:112343923:T>C	SNP	0.2	0.209	0.18	0.238
136	chr11:32456298:G>A	SNP	0.2	0.196	0.173	0.219
137	chr20:31024274:T>C	SNP	0.2	0.203	0.163	0.243
138	chr4:106190862:T>C	SNP	0.2	0.196	0.152	0.24
139	chrX:39911657:C>A	SNP	0.2	0.203	0.174	0.232
140	chrX:53449568:G>A	SNP	0.2	0.26	0.227	0.294
141	chr10:112342306:G>GT	INDEL	0.2	0.18	0.149	0.212
142	chr11:32456562:G>A	SNP	0.25	0.267	0.241	0.294
143	chr17:29508775:G>A	SNP	0.25	0.243	0.211	0.275
144	chr17:29654876:T>A	SNP	0.25	0.25	0.211	0.289
145	chr19:56172525:C>T	SNP	0.25	0.253	0.232	0.275
146	chr19:56172528:G>T	SNP	0.25	0.258	0.233	0.283
147	chr3:105438957:T>G	SNP	0.25	0.259	0.227	0.292
148	chr3:105439026:G>A	SNP	0.25	0.256	0.222	0.291
149	chr4:106155751:G>A	SNP	0.25	0.246	0.217	0.274
150	chr4:106158216:G>A	SNP	0.25	0.232	0.203	0.261
151	chrX:129150144:C>G	SNP	0.25	0.253	0.216	0.289
152	chr11:534242:A>G	SNP	0.3	0.302	0.276	0.328
153	chrX:44935924:CTT>C	INDEL	0.3	0.223	0.008	0.438
154	chr11:32449486:C>T	SNP	0.35	0.397	0.343	0.45
155	chr11:32456694:C>A	SNP	0.35	0.346	0.309	0.383
156	chr12:111856443:C>G	SNP	0.35	0.347	0.311	0.383
157	chr12:111856493:T>C	SNP	0.35	0.326	0.295	0.357
158	chr4:55602765:G>C	SNP	0.35	0.351	0.312	0.39
159	chr8:117869498:C>T	SNP	0.35	0.342	0.309	0.375
160	chrX:44966795:T>C	SNP	0.35	0.336	0.297	0.375
161	chr19:33792631:C>A	SNP	0.4	0.424	0.36	0.489
162	chr19:45297454:A>C	SNP	0.4	0.331	0.284	0.378
163	chr7:101892121:G>A	SNP	0.4	0.432	0.378	0.487
164	chr16:24583406:A>G	SNP	0.45	0.452	0.421	0.483
165	chr17:7579472:G>C	SNP	0.45	0.449	0.399	0.498
166	chr4:55152040:C>T	SNP	0.45	0.451	0.4	0.502
167	chr5:176940384:G>A	SNP	0.45	0.444	0.397	0.49
168	chr2:25469502:C>T	SNP	0.5	0.501	0.462	0.541
169	chrX:15838366:C>T	SNP	0.5	0.484	0.443	0.525
170	chr12:111885351:ATGGGG>A	INDEL	0.5	0.524	0.362	0.687
171	chr13:28609825:A>G	SNP	0.55	0.538	0.492	0.584
172	chr13:28610183:A>G	SNP	0.55	0.549	0.508	0.589
173	chr9:139391636:G>A	SNP	0.55	0.559	0.5	0.618
174	chr17:74733099:G>A	SNP	0.6	0.609	0.58	0.639
175	chr7:139102490:A>G	SNP	0.6	0.599	0.559	0.639
176	chr2:25469913:C>T	SNP	0.65	0.65	0.602	0.699
177	chr9:139397707:G>A	SNP	0.65	0.648	0.62	0.677
178	chr1:36937059:A>G	SNP	0.7	0.702	0.675	0.728
179	chr7:101892328:C>T	SNP	0.7	0.759	0.72	0.798
180	chr7:101917521:G>A	SNP	0.7	0.705	0.662	0.749
181	chr9:5081780:G>A	SNP	0.7	0.693	0.646	0.74
182	chr11:119148573:G>T	SNP	0.75	0.752	0.706	0.798
183	chr17:29553485:G>A	SNP	0.75	0.694	0.654	0.734
184	chr17:7579801:G>C	SNP	0.75	0.785	0.751	0.819
185	chr19:56180968:C>T	SNP	0.75	0.743	0.721	0.766
186	chr7:50436033:A>G	SNP	0.75	0.743	0.701	0.785
187	chr3:128205860:G>C	SNP	0.8	0.792	0.772	0.812
188	chrX:39932907:T>C	SNP	0.8	0.742	0.712	0.772
189	chrX:76937963:G>C	SNP	0.8	0.79	0.76	0.821
190	chr7:148543693:TA>T	INDEL	0.8	0.686	0.64	0.731
191	chr2:198265173:T>A	SNP	0.85	0.807	0.77	0.844
192	chr2:198265526:A>G	SNP	0.85	0.845	0.806	0.885
193	chr2:198267770:G>GAA	INDEL	0.85	0.804	0.738	0.871
194	chr7:101916647:A>G	SNP	0.9	0.899	0.864	0.933
195	chr7:101923315:T>TC	INDEL	0.9	0.89	0.866	0.913
196	chr12:111884608:T>C	SNP	0.95	0.953	0.935	0.97
197	chr10:112361870:A>G	SNP	1	0.999	0.996	1.002
198	chr17:74732507:A>G	SNP	1	0.999	0.996	1.003
199	chr20:31022959:T>C	SNP	1	0.999	0.996	1.001
200	chr4:55141055:A>G	SNP	1	0.999	0.994	1.003
201	chrX:129147079:T>C	SNP	1	1	0.997	1.002
202	chrX:39933339:A>G	SNP	1	0.999	0.996	1.002
